"","id","pokemon_id","pokemon_name","height","weight","slot","type_name","noMeasure"
"1",1,1,"bulbasaur",7,69,1,"grass",1
"2",2,1,"bulbasaur",7,69,2,"poison",1
"3",3,2,"ivysaur",10,130,1,"grass",1
"4",4,2,"ivysaur",10,130,2,"poison",1
"5",5,3,"venusaur",20,1000,1,"grass",1
"6",6,3,"venusaur",20,1000,2,"poison",1
"7",7,4,"charmander",6,85,1,"fire",1
"8",8,5,"charmeleon",11,190,1,"fire",1
"9",9,6,"charizard",17,905,1,"fire",1
"10",10,6,"charizard",17,905,2,"flying",1
"11",11,7,"squirtle",5,90,1,"water",1
"12",12,8,"wartortle",10,225,1,"water",1
"13",13,9,"blastoise",16,855,1,"water",1
"14",14,10,"caterpie",3,29,1,"bug",1
"15",15,11,"metapod",7,99,1,"bug",1
"16",16,12,"butterfree",11,320,1,"bug",1
"17",17,12,"butterfree",11,320,2,"flying",1
"18",18,13,"weedle",3,32,1,"bug",1
"19",19,13,"weedle",3,32,2,"poison",1
"20",20,14,"kakuna",6,100,1,"bug",1
"21",21,14,"kakuna",6,100,2,"poison",1
"22",22,15,"beedrill",10,295,1,"bug",1
"23",23,15,"beedrill",10,295,2,"poison",1
"24",24,16,"pidgey",3,18,1,"normal",1
"25",25,16,"pidgey",3,18,2,"flying",1
"26",26,17,"pidgeotto",11,300,1,"normal",1
"27",27,17,"pidgeotto",11,300,2,"flying",1
"28",28,18,"pidgeot",15,395,1,"normal",1
"29",29,18,"pidgeot",15,395,2,"flying",1
"30",30,19,"rattata",3,35,1,"normal",1
"31",31,20,"raticate",7,185,1,"normal",1
"32",32,21,"spearow",3,20,1,"normal",1
"33",33,21,"spearow",3,20,2,"flying",1
"34",34,22,"fearow",12,380,1,"normal",1
"35",35,22,"fearow",12,380,2,"flying",1
"36",36,23,"ekans",20,69,1,"poison",1
"37",37,24,"arbok",35,650,1,"poison",1
"38",38,25,"pikachu",4,60,1,"electric",1
"39",39,26,"raichu",8,300,1,"electric",1
"40",40,27,"sandshrew",6,120,1,"ground",1
"41",41,28,"sandslash",10,295,1,"ground",1
"42",42,29,"nidoran-f",4,70,1,"poison",1
"43",43,30,"nidorina",8,200,1,"poison",1
"44",44,31,"nidoqueen",13,600,1,"poison",1
"45",45,31,"nidoqueen",13,600,2,"ground",1
"46",46,32,"nidoran-m",5,90,1,"poison",1
"47",47,33,"nidorino",9,195,1,"poison",1
"48",48,34,"nidoking",14,620,1,"poison",1
"49",49,34,"nidoking",14,620,2,"ground",1
"50",50,35,"clefairy",6,75,1,"fairy",1
"51",51,36,"clefable",13,400,1,"fairy",1
"52",52,37,"vulpix",6,99,1,"fire",1
"53",53,38,"ninetales",11,199,1,"fire",1
"54",54,39,"jigglypuff",5,55,1,"normal",1
"55",55,39,"jigglypuff",5,55,2,"fairy",1
"56",56,40,"wigglytuff",10,120,1,"normal",1
"57",57,40,"wigglytuff",10,120,2,"fairy",1
"58",58,41,"zubat",8,75,1,"poison",1
"59",59,41,"zubat",8,75,2,"flying",1
"60",60,42,"golbat",16,550,1,"poison",1
"61",61,42,"golbat",16,550,2,"flying",1
"62",62,43,"oddish",5,54,1,"grass",1
"63",63,43,"oddish",5,54,2,"poison",1
"64",64,44,"gloom",8,86,1,"grass",1
"65",65,44,"gloom",8,86,2,"poison",1
"66",66,45,"vileplume",12,186,1,"grass",1
"67",67,45,"vileplume",12,186,2,"poison",1
"68",68,46,"paras",3,54,1,"bug",1
"69",69,46,"paras",3,54,2,"grass",1
"70",70,47,"parasect",10,295,1,"bug",1
"71",71,47,"parasect",10,295,2,"grass",1
"72",72,48,"venonat",10,300,1,"bug",1
"73",73,48,"venonat",10,300,2,"poison",1
"74",74,49,"venomoth",15,125,1,"bug",1
"75",75,49,"venomoth",15,125,2,"poison",1
"76",76,50,"diglett",2,8,1,"ground",1
"77",77,51,"dugtrio",7,333,1,"ground",1
"78",78,52,"meowth",4,42,1,"normal",1
"79",79,53,"persian",10,320,1,"normal",1
"80",80,54,"psyduck",8,196,1,"water",1
"81",81,55,"golduck",17,766,1,"water",1
"82",82,56,"mankey",5,280,1,"fighting",1
"83",83,57,"primeape",10,320,1,"fighting",1
"84",84,58,"growlithe",7,190,1,"fire",1
"85",85,59,"arcanine",19,1550,1,"fire",1
"86",86,60,"poliwag",6,124,1,"water",1
"87",87,61,"poliwhirl",10,200,1,"water",1
"88",88,62,"poliwrath",13,540,1,"water",1
"89",89,62,"poliwrath",13,540,2,"fighting",1
"90",90,63,"abra",9,195,1,"psychic",1
"91",91,64,"kadabra",13,565,1,"psychic",1
"92",92,65,"alakazam",15,480,1,"psychic",1
"93",93,66,"machop",8,195,1,"fighting",1
"94",94,67,"machoke",15,705,1,"fighting",1
"95",95,68,"machamp",16,1300,1,"fighting",1
"96",96,69,"bellsprout",7,40,1,"grass",1
"97",97,69,"bellsprout",7,40,2,"poison",1
"98",98,70,"weepinbell",10,64,1,"grass",1
"99",99,70,"weepinbell",10,64,2,"poison",1
"100",100,71,"victreebel",17,155,1,"grass",1
"101",101,71,"victreebel",17,155,2,"poison",1
"102",102,72,"tentacool",9,455,1,"water",1
"103",103,72,"tentacool",9,455,2,"poison",1
"104",104,73,"tentacruel",16,550,1,"water",1
"105",105,73,"tentacruel",16,550,2,"poison",1
"106",106,74,"geodude",4,200,1,"rock",1
"107",107,74,"geodude",4,200,2,"ground",1
"108",108,75,"graveler",10,1050,1,"rock",1
"109",109,75,"graveler",10,1050,2,"ground",1
"110",110,76,"golem",14,3000,1,"rock",1
"111",111,76,"golem",14,3000,2,"ground",1
"112",112,77,"ponyta",10,300,1,"fire",1
"113",113,78,"rapidash",17,950,1,"fire",1
"114",114,79,"slowpoke",12,360,1,"water",1
"115",115,79,"slowpoke",12,360,2,"psychic",1
"116",116,80,"slowbro",16,785,1,"water",1
"117",117,80,"slowbro",16,785,2,"psychic",1
"118",118,81,"magnemite",3,60,1,"electric",1
"119",119,81,"magnemite",3,60,2,"steel",1
"120",120,82,"magneton",10,600,1,"electric",1
"121",121,82,"magneton",10,600,2,"steel",1
"122",122,83,"farfetchd",8,150,1,"normal",1
"123",123,83,"farfetchd",8,150,2,"flying",1
"124",124,84,"doduo",14,392,1,"normal",1
"125",125,84,"doduo",14,392,2,"flying",1
"126",126,85,"dodrio",18,852,1,"normal",1
"127",127,85,"dodrio",18,852,2,"flying",1
"128",128,86,"seel",11,900,1,"water",1
"129",129,87,"dewgong",17,1200,1,"water",1
"130",130,87,"dewgong",17,1200,2,"ice",1
"131",131,88,"grimer",9,300,1,"poison",1
"132",132,89,"muk",12,300,1,"poison",1
"133",133,90,"shellder",3,40,1,"water",1
"134",134,91,"cloyster",15,1325,1,"water",1
"135",135,91,"cloyster",15,1325,2,"ice",1
"136",136,92,"gastly",13,1,1,"ghost",1
"137",137,92,"gastly",13,1,2,"poison",1
"138",138,93,"haunter",16,1,1,"ghost",1
"139",139,93,"haunter",16,1,2,"poison",1
"140",140,94,"gengar",15,405,1,"ghost",1
"141",141,94,"gengar",15,405,2,"poison",1
"142",142,95,"onix",88,2100,1,"rock",1
"143",143,95,"onix",88,2100,2,"ground",1
"144",144,96,"drowzee",10,324,1,"psychic",1
"145",145,97,"hypno",16,756,1,"psychic",1
"146",146,98,"krabby",4,65,1,"water",1
"147",147,99,"kingler",13,600,1,"water",1
"148",148,100,"voltorb",5,104,1,"electric",1
"149",149,101,"electrode",12,666,1,"electric",1
"150",150,102,"exeggcute",4,25,1,"grass",1
"151",151,102,"exeggcute",4,25,2,"psychic",1
"152",152,103,"exeggutor",20,1200,1,"grass",1
"153",153,103,"exeggutor",20,1200,2,"psychic",1
"154",154,104,"cubone",4,65,1,"ground",1
"155",155,105,"marowak",10,450,1,"ground",1
"156",156,106,"hitmonlee",15,498,1,"fighting",1
"157",157,107,"hitmonchan",14,502,1,"fighting",1
"158",158,108,"lickitung",12,655,1,"normal",1
"159",159,109,"koffing",6,10,1,"poison",1
"160",160,110,"weezing",12,95,1,"poison",1
"161",161,111,"rhyhorn",10,1150,1,"ground",1
"162",162,111,"rhyhorn",10,1150,2,"rock",1
"163",163,112,"rhydon",19,1200,1,"ground",1
"164",164,112,"rhydon",19,1200,2,"rock",1
"165",165,113,"chansey",11,346,1,"normal",1
"166",166,114,"tangela",10,350,1,"grass",1
"167",167,115,"kangaskhan",22,800,1,"normal",1
"168",168,116,"horsea",4,80,1,"water",1
"169",169,117,"seadra",12,250,1,"water",1
"170",170,118,"goldeen",6,150,1,"water",1
"171",171,119,"seaking",13,390,1,"water",1
"172",172,120,"staryu",8,345,1,"water",1
"173",173,121,"starmie",11,800,1,"water",1
"174",174,121,"starmie",11,800,2,"psychic",1
"175",175,122,"mr-mime",13,545,1,"psychic",1
"176",176,122,"mr-mime",13,545,2,"fairy",1
"177",177,123,"scyther",15,560,1,"bug",1
"178",178,123,"scyther",15,560,2,"flying",1
"179",179,124,"jynx",14,406,1,"ice",1
"180",180,124,"jynx",14,406,2,"psychic",1
"181",181,125,"electabuzz",11,300,1,"electric",1
"182",182,126,"magmar",13,445,1,"fire",1
"183",183,127,"pinsir",15,550,1,"bug",1
"184",184,128,"tauros",14,884,1,"normal",1
"185",185,129,"magikarp",9,100,1,"water",1
"186",186,130,"gyarados",65,2350,1,"water",1
"187",187,130,"gyarados",65,2350,2,"flying",1
"188",188,131,"lapras",25,2200,1,"water",1
"189",189,131,"lapras",25,2200,2,"ice",1
"190",190,132,"ditto",3,40,1,"normal",1
"191",191,133,"eevee",3,65,1,"normal",1
"192",192,134,"vaporeon",10,290,1,"water",1
"193",193,135,"jolteon",8,245,1,"electric",1
"194",194,136,"flareon",9,250,1,"fire",1
"195",195,137,"porygon",8,365,1,"normal",1
"196",196,138,"omanyte",4,75,1,"rock",1
"197",197,138,"omanyte",4,75,2,"water",1
"198",198,139,"omastar",10,350,1,"rock",1
"199",199,139,"omastar",10,350,2,"water",1
"200",200,140,"kabuto",5,115,1,"rock",1
"201",201,140,"kabuto",5,115,2,"water",1
"202",202,141,"kabutops",13,405,1,"rock",1
"203",203,141,"kabutops",13,405,2,"water",1
"204",204,142,"aerodactyl",18,590,1,"rock",1
"205",205,142,"aerodactyl",18,590,2,"flying",1
"206",206,143,"snorlax",21,4600,1,"normal",1
"207",207,144,"articuno",17,554,1,"ice",1
"208",208,144,"articuno",17,554,2,"flying",1
"209",209,145,"zapdos",16,526,1,"electric",1
"210",210,145,"zapdos",16,526,2,"flying",1
"211",211,146,"moltres",20,600,1,"fire",1
"212",212,146,"moltres",20,600,2,"flying",1
"213",213,147,"dratini",18,33,1,"dragon",1
"214",214,148,"dragonair",40,165,1,"dragon",1
"215",215,149,"dragonite",22,2100,1,"dragon",1
"216",216,149,"dragonite",22,2100,2,"flying",1
"217",217,150,"mewtwo",20,1220,1,"psychic",1
"218",218,151,"mew",4,40,1,"psychic",1
"219",219,152,"chikorita",9,64,1,"grass",1
"220",220,153,"bayleef",12,158,1,"grass",1
"221",221,154,"meganium",18,1005,1,"grass",1
"222",222,155,"cyndaquil",5,79,1,"fire",1
"223",223,156,"quilava",9,190,1,"fire",1
"224",224,157,"typhlosion",17,795,1,"fire",1
"225",225,158,"totodile",6,95,1,"water",1
"226",226,159,"croconaw",11,250,1,"water",1
"227",227,160,"feraligatr",23,888,1,"water",1
"228",228,161,"sentret",8,60,1,"normal",1
"229",229,162,"furret",18,325,1,"normal",1
"230",230,163,"hoothoot",7,212,1,"normal",1
"231",231,163,"hoothoot",7,212,2,"flying",1
"232",232,164,"noctowl",16,408,1,"normal",1
"233",233,164,"noctowl",16,408,2,"flying",1
"234",234,165,"ledyba",10,108,1,"bug",1
"235",235,165,"ledyba",10,108,2,"flying",1
"236",236,166,"ledian",14,356,1,"bug",1
"237",237,166,"ledian",14,356,2,"flying",1
"238",238,167,"spinarak",5,85,1,"bug",1
"239",239,167,"spinarak",5,85,2,"poison",1
"240",240,168,"ariados",11,335,1,"bug",1
"241",241,168,"ariados",11,335,2,"poison",1
"242",242,169,"crobat",18,750,1,"poison",1
"243",243,169,"crobat",18,750,2,"flying",1
"244",244,170,"chinchou",5,120,1,"water",1
"245",245,170,"chinchou",5,120,2,"electric",1
"246",246,171,"lanturn",12,225,1,"water",1
"247",247,171,"lanturn",12,225,2,"electric",1
"248",248,172,"pichu",3,20,1,"electric",1
"249",249,173,"cleffa",3,30,1,"fairy",1
"250",250,174,"igglybuff",3,10,1,"normal",1
"251",251,174,"igglybuff",3,10,2,"fairy",1
"252",252,175,"togepi",3,15,1,"fairy",1
"253",253,176,"togetic",6,32,1,"fairy",1
"254",254,176,"togetic",6,32,2,"flying",1
"255",255,177,"natu",2,20,1,"psychic",1
"256",256,177,"natu",2,20,2,"flying",1
"257",257,178,"xatu",15,150,1,"psychic",1
"258",258,178,"xatu",15,150,2,"flying",1
"259",259,179,"mareep",6,78,1,"electric",1
"260",260,180,"flaaffy",8,133,1,"electric",1
"261",261,181,"ampharos",14,615,1,"electric",1
"262",262,182,"bellossom",4,58,1,"grass",1
"263",263,183,"marill",4,85,1,"water",1
"264",264,183,"marill",4,85,2,"fairy",1
"265",265,184,"azumarill",8,285,1,"water",1
"266",266,184,"azumarill",8,285,2,"fairy",1
"267",267,185,"sudowoodo",12,380,1,"rock",1
"268",268,186,"politoed",11,339,1,"water",1
"269",269,187,"hoppip",4,5,1,"grass",1
"270",270,187,"hoppip",4,5,2,"flying",1
"271",271,188,"skiploom",6,10,1,"grass",1
"272",272,188,"skiploom",6,10,2,"flying",1
"273",273,189,"jumpluff",8,30,1,"grass",1
"274",274,189,"jumpluff",8,30,2,"flying",1
"275",275,190,"aipom",8,115,1,"normal",1
"276",276,191,"sunkern",3,18,1,"grass",1
"277",277,192,"sunflora",8,85,1,"grass",1
"278",278,193,"yanma",12,380,1,"bug",1
"279",279,193,"yanma",12,380,2,"flying",1
"280",280,194,"wooper",4,85,1,"water",1
"281",281,194,"wooper",4,85,2,"ground",1
"282",282,195,"quagsire",14,750,1,"water",1
"283",283,195,"quagsire",14,750,2,"ground",1
"284",284,196,"espeon",9,265,1,"psychic",1
"285",285,197,"umbreon",10,270,1,"dark",1
"286",286,198,"murkrow",5,21,1,"dark",1
"287",287,198,"murkrow",5,21,2,"flying",1
"288",288,199,"slowking",20,795,1,"water",1
"289",289,199,"slowking",20,795,2,"psychic",1
"290",290,200,"misdreavus",7,10,1,"ghost",1
"291",291,201,"unown",5,50,1,"psychic",1
"292",292,202,"wobbuffet",13,285,1,"psychic",1
"293",293,203,"girafarig",15,415,1,"normal",1
"294",294,203,"girafarig",15,415,2,"psychic",1
"295",295,204,"pineco",6,72,1,"bug",1
"296",296,205,"forretress",12,1258,1,"bug",1
"297",297,205,"forretress",12,1258,2,"steel",1
"298",298,206,"dunsparce",15,140,1,"normal",1
"299",299,207,"gligar",11,648,1,"ground",1
"300",300,207,"gligar",11,648,2,"flying",1
"301",301,208,"steelix",92,4000,1,"steel",1
"302",302,208,"steelix",92,4000,2,"ground",1
"303",303,209,"snubbull",6,78,1,"fairy",1
"304",304,210,"granbull",14,487,1,"fairy",1
"305",305,211,"qwilfish",5,39,1,"water",1
"306",306,211,"qwilfish",5,39,2,"poison",1
"307",307,212,"scizor",18,1180,1,"bug",1
"308",308,212,"scizor",18,1180,2,"steel",1
"309",309,213,"shuckle",6,205,1,"bug",1
"310",310,213,"shuckle",6,205,2,"rock",1
"311",311,214,"heracross",15,540,1,"bug",1
"312",312,214,"heracross",15,540,2,"fighting",1
"313",313,215,"sneasel",9,280,1,"dark",1
"314",314,215,"sneasel",9,280,2,"ice",1
"315",315,216,"teddiursa",6,88,1,"normal",1
"316",316,217,"ursaring",18,1258,1,"normal",1
"317",317,218,"slugma",7,350,1,"fire",1
"318",318,219,"magcargo",8,550,1,"fire",1
"319",319,219,"magcargo",8,550,2,"rock",1
"320",320,220,"swinub",4,65,1,"ice",1
"321",321,220,"swinub",4,65,2,"ground",1
"322",322,221,"piloswine",11,558,1,"ice",1
"323",323,221,"piloswine",11,558,2,"ground",1
"324",324,222,"corsola",6,50,1,"water",1
"325",325,222,"corsola",6,50,2,"rock",1
"326",326,223,"remoraid",6,120,1,"water",1
"327",327,224,"octillery",9,285,1,"water",1
"328",328,225,"delibird",9,160,1,"ice",1
"329",329,225,"delibird",9,160,2,"flying",1
"330",330,226,"mantine",21,2200,1,"water",1
"331",331,226,"mantine",21,2200,2,"flying",1
"332",332,227,"skarmory",17,505,1,"steel",1
"333",333,227,"skarmory",17,505,2,"flying",1
"334",334,228,"houndour",6,108,1,"dark",1
"335",335,228,"houndour",6,108,2,"fire",1
"336",336,229,"houndoom",14,350,1,"dark",1
"337",337,229,"houndoom",14,350,2,"fire",1
"338",338,230,"kingdra",18,1520,1,"water",1
"339",339,230,"kingdra",18,1520,2,"dragon",1
"340",340,231,"phanpy",5,335,1,"ground",1
"341",341,232,"donphan",11,1200,1,"ground",1
"342",342,233,"porygon2",6,325,1,"normal",1
"343",343,234,"stantler",14,712,1,"normal",1
"344",344,235,"smeargle",12,580,1,"normal",1
"345",345,236,"tyrogue",7,210,1,"fighting",1
"346",346,237,"hitmontop",14,480,1,"fighting",1
"347",347,238,"smoochum",4,60,1,"ice",1
"348",348,238,"smoochum",4,60,2,"psychic",1
"349",349,239,"elekid",6,235,1,"electric",1
"350",350,240,"magby",7,214,1,"fire",1
"351",351,241,"miltank",12,755,1,"normal",1
"352",352,242,"blissey",15,468,1,"normal",1
"353",353,243,"raikou",19,1780,1,"electric",1
"354",354,244,"entei",21,1980,1,"fire",1
"355",355,245,"suicune",20,1870,1,"water",1
"356",356,246,"larvitar",6,720,1,"rock",1
"357",357,246,"larvitar",6,720,2,"ground",1
"358",358,247,"pupitar",12,1520,1,"rock",1
"359",359,247,"pupitar",12,1520,2,"ground",1
"360",360,248,"tyranitar",20,2020,1,"rock",1
"361",361,248,"tyranitar",20,2020,2,"dark",1
"362",362,249,"lugia",52,2160,1,"psychic",1
"363",363,249,"lugia",52,2160,2,"flying",1
"364",364,250,"ho-oh",38,1990,1,"fire",1
"365",365,250,"ho-oh",38,1990,2,"flying",1
"366",366,251,"celebi",6,50,1,"psychic",1
"367",367,251,"celebi",6,50,2,"grass",1
"368",368,252,"treecko",5,50,1,"grass",1
"369",369,253,"grovyle",9,216,1,"grass",1
"370",370,254,"sceptile",17,522,1,"grass",1
"371",371,255,"torchic",4,25,1,"fire",1
"372",372,256,"combusken",9,195,1,"fire",1
"373",373,256,"combusken",9,195,2,"fighting",1
"374",374,257,"blaziken",19,520,1,"fire",1
"375",375,257,"blaziken",19,520,2,"fighting",1
"376",376,258,"mudkip",4,76,1,"water",1
"377",377,259,"marshtomp",7,280,1,"water",1
"378",378,259,"marshtomp",7,280,2,"ground",1
"379",379,260,"swampert",15,819,1,"water",1
"380",380,260,"swampert",15,819,2,"ground",1
"381",381,261,"poochyena",5,136,1,"dark",1
"382",382,262,"mightyena",10,370,1,"dark",1
"383",383,263,"zigzagoon",4,175,1,"normal",1
"384",384,264,"linoone",5,325,1,"normal",1
"385",385,265,"wurmple",3,36,1,"bug",1
"386",386,266,"silcoon",6,100,1,"bug",1
"387",387,267,"beautifly",10,284,1,"bug",1
"388",388,267,"beautifly",10,284,2,"flying",1
"389",389,268,"cascoon",7,115,1,"bug",1
"390",390,269,"dustox",12,316,1,"bug",1
"391",391,269,"dustox",12,316,2,"poison",1
"392",392,270,"lotad",5,26,1,"water",1
"393",393,270,"lotad",5,26,2,"grass",1
"394",394,271,"lombre",12,325,1,"water",1
"395",395,271,"lombre",12,325,2,"grass",1
"396",396,272,"ludicolo",15,550,1,"water",1
"397",397,272,"ludicolo",15,550,2,"grass",1
"398",398,273,"seedot",5,40,1,"grass",1
"399",399,274,"nuzleaf",10,280,1,"grass",1
"400",400,274,"nuzleaf",10,280,2,"dark",1
"401",401,275,"shiftry",13,596,1,"grass",1
"402",402,275,"shiftry",13,596,2,"dark",1
"403",403,276,"taillow",3,23,1,"normal",1
"404",404,276,"taillow",3,23,2,"flying",1
"405",405,277,"swellow",7,198,1,"normal",1
"406",406,277,"swellow",7,198,2,"flying",1
"407",407,278,"wingull",6,95,1,"water",1
"408",408,278,"wingull",6,95,2,"flying",1
"409",409,279,"pelipper",12,280,1,"water",1
"410",410,279,"pelipper",12,280,2,"flying",1
"411",411,280,"ralts",4,66,1,"psychic",1
"412",412,280,"ralts",4,66,2,"fairy",1
"413",413,281,"kirlia",8,202,1,"psychic",1
"414",414,281,"kirlia",8,202,2,"fairy",1
"415",415,282,"gardevoir",16,484,1,"psychic",1
"416",416,282,"gardevoir",16,484,2,"fairy",1
"417",417,283,"surskit",5,17,1,"bug",1
"418",418,283,"surskit",5,17,2,"water",1
"419",419,284,"masquerain",8,36,1,"bug",1
"420",420,284,"masquerain",8,36,2,"flying",1
"421",421,285,"shroomish",4,45,1,"grass",1
"422",422,286,"breloom",12,392,1,"grass",1
"423",423,286,"breloom",12,392,2,"fighting",1
"424",424,287,"slakoth",8,240,1,"normal",1
"425",425,288,"vigoroth",14,465,1,"normal",1
"426",426,289,"slaking",20,1305,1,"normal",1
"427",427,290,"nincada",5,55,1,"bug",1
"428",428,290,"nincada",5,55,2,"ground",1
"429",429,291,"ninjask",8,120,1,"bug",1
"430",430,291,"ninjask",8,120,2,"flying",1
"431",431,292,"shedinja",8,12,1,"bug",1
"432",432,292,"shedinja",8,12,2,"ghost",1
"433",433,293,"whismur",6,163,1,"normal",1
"434",434,294,"loudred",10,405,1,"normal",1
"435",435,295,"exploud",15,840,1,"normal",1
"436",436,296,"makuhita",10,864,1,"fighting",1
"437",437,297,"hariyama",23,2538,1,"fighting",1
"438",438,298,"azurill",2,20,1,"normal",1
"439",439,298,"azurill",2,20,2,"fairy",1
"440",440,299,"nosepass",10,970,1,"rock",1
"441",441,300,"skitty",6,110,1,"normal",1
"442",442,301,"delcatty",11,326,1,"normal",1
"443",443,302,"sableye",5,110,1,"dark",1
"444",444,302,"sableye",5,110,2,"ghost",1
"445",445,303,"mawile",6,115,1,"steel",1
"446",446,303,"mawile",6,115,2,"fairy",1
"447",447,304,"aron",4,600,1,"steel",1
"448",448,304,"aron",4,600,2,"rock",1
"449",449,305,"lairon",9,1200,1,"steel",1
"450",450,305,"lairon",9,1200,2,"rock",1
"451",451,306,"aggron",21,3600,1,"steel",1
"452",452,306,"aggron",21,3600,2,"rock",1
"453",453,307,"meditite",6,112,1,"fighting",1
"454",454,307,"meditite",6,112,2,"psychic",1
"455",455,308,"medicham",13,315,1,"fighting",1
"456",456,308,"medicham",13,315,2,"psychic",1
"457",457,309,"electrike",6,152,1,"electric",1
"458",458,310,"manectric",15,402,1,"electric",1
"459",459,311,"plusle",4,42,1,"electric",1
"460",460,312,"minun",4,42,1,"electric",1
"461",461,313,"volbeat",7,177,1,"bug",1
"462",462,314,"illumise",6,177,1,"bug",1
"463",463,315,"roselia",3,20,1,"grass",1
"464",464,315,"roselia",3,20,2,"poison",1
"465",465,316,"gulpin",4,103,1,"poison",1
"466",466,317,"swalot",17,800,1,"poison",1
"467",467,318,"carvanha",8,208,1,"water",1
"468",468,318,"carvanha",8,208,2,"dark",1
"469",469,319,"sharpedo",18,888,1,"water",1
"470",470,319,"sharpedo",18,888,2,"dark",1
"471",471,320,"wailmer",20,1300,1,"water",1
"472",472,321,"wailord",145,3980,1,"water",1
"473",473,322,"numel",7,240,1,"fire",1
"474",474,322,"numel",7,240,2,"ground",1
"475",475,323,"camerupt",19,2200,1,"fire",1
"476",476,323,"camerupt",19,2200,2,"ground",1
"477",477,324,"torkoal",5,804,1,"fire",1
"478",478,325,"spoink",7,306,1,"psychic",1
"479",479,326,"grumpig",9,715,1,"psychic",1
"480",480,327,"spinda",11,50,1,"normal",1
"481",481,328,"trapinch",7,150,1,"ground",1
"482",482,329,"vibrava",11,153,1,"ground",1
"483",483,329,"vibrava",11,153,2,"dragon",1
"484",484,330,"flygon",20,820,1,"ground",1
"485",485,330,"flygon",20,820,2,"dragon",1
"486",486,331,"cacnea",4,513,1,"grass",1
"487",487,332,"cacturne",13,774,1,"grass",1
"488",488,332,"cacturne",13,774,2,"dark",1
"489",489,333,"swablu",4,12,1,"normal",1
"490",490,333,"swablu",4,12,2,"flying",1
"491",491,334,"altaria",11,206,1,"dragon",1
"492",492,334,"altaria",11,206,2,"flying",1
"493",493,335,"zangoose",13,403,1,"normal",1
"494",494,336,"seviper",27,525,1,"poison",1
"495",495,337,"lunatone",10,1680,1,"rock",1
"496",496,337,"lunatone",10,1680,2,"psychic",1
"497",497,338,"solrock",12,1540,1,"rock",1
"498",498,338,"solrock",12,1540,2,"psychic",1
"499",499,339,"barboach",4,19,1,"water",1
"500",500,339,"barboach",4,19,2,"ground",1
"501",501,340,"whiscash",9,236,1,"water",1
"502",502,340,"whiscash",9,236,2,"ground",1
"503",503,341,"corphish",6,115,1,"water",1
"504",504,342,"crawdaunt",11,328,1,"water",1
"505",505,342,"crawdaunt",11,328,2,"dark",1
"506",506,343,"baltoy",5,215,1,"ground",1
"507",507,343,"baltoy",5,215,2,"psychic",1
"508",508,344,"claydol",15,1080,1,"ground",1
"509",509,344,"claydol",15,1080,2,"psychic",1
"510",510,345,"lileep",10,238,1,"rock",1
"511",511,345,"lileep",10,238,2,"grass",1
"512",512,346,"cradily",15,604,1,"rock",1
"513",513,346,"cradily",15,604,2,"grass",1
"514",514,347,"anorith",7,125,1,"rock",1
"515",515,347,"anorith",7,125,2,"bug",1
"516",516,348,"armaldo",15,682,1,"rock",1
"517",517,348,"armaldo",15,682,2,"bug",1
"518",518,349,"feebas",6,74,1,"water",1
"519",519,350,"milotic",62,1620,1,"water",1
"520",520,351,"castform",3,8,1,"normal",1
"521",521,352,"kecleon",10,220,1,"normal",1
"522",522,353,"shuppet",6,23,1,"ghost",1
"523",523,354,"banette",11,125,1,"ghost",1
"524",524,355,"duskull",8,150,1,"ghost",1
"525",525,356,"dusclops",16,306,1,"ghost",1
"526",526,357,"tropius",20,1000,1,"grass",1
"527",527,357,"tropius",20,1000,2,"flying",1
"528",528,358,"chimecho",6,10,1,"psychic",1
"529",529,359,"absol",12,470,1,"dark",1
"530",530,360,"wynaut",6,140,1,"psychic",1
"531",531,361,"snorunt",7,168,1,"ice",1
"532",532,362,"glalie",15,2565,1,"ice",1
"533",533,363,"spheal",8,395,1,"ice",1
"534",534,363,"spheal",8,395,2,"water",1
"535",535,364,"sealeo",11,876,1,"ice",1
"536",536,364,"sealeo",11,876,2,"water",1
"537",537,365,"walrein",14,1506,1,"ice",1
"538",538,365,"walrein",14,1506,2,"water",1
"539",539,366,"clamperl",4,525,1,"water",1
"540",540,367,"huntail",17,270,1,"water",1
"541",541,368,"gorebyss",18,226,1,"water",1
"542",542,369,"relicanth",10,234,1,"water",1
"543",543,369,"relicanth",10,234,2,"rock",1
"544",544,370,"luvdisc",6,87,1,"water",1
"545",545,371,"bagon",6,421,1,"dragon",1
"546",546,372,"shelgon",11,1105,1,"dragon",1
"547",547,373,"salamence",15,1026,1,"dragon",1
"548",548,373,"salamence",15,1026,2,"flying",1
"549",549,374,"beldum",6,952,1,"steel",1
"550",550,374,"beldum",6,952,2,"psychic",1
"551",551,375,"metang",12,2025,1,"steel",1
"552",552,375,"metang",12,2025,2,"psychic",1
"553",553,376,"metagross",16,5500,1,"steel",1
"554",554,376,"metagross",16,5500,2,"psychic",1
"555",555,377,"regirock",17,2300,1,"rock",1
"556",556,378,"regice",18,1750,1,"ice",1
"557",557,379,"registeel",19,2050,1,"steel",1
"558",558,380,"latias",14,400,1,"dragon",1
"559",559,380,"latias",14,400,2,"psychic",1
"560",560,381,"latios",20,600,1,"dragon",1
"561",561,381,"latios",20,600,2,"psychic",1
"562",562,382,"kyogre",45,3520,1,"water",1
"563",563,383,"groudon",35,9500,1,"ground",1
"564",564,384,"rayquaza",70,2065,1,"dragon",1
"565",565,384,"rayquaza",70,2065,2,"flying",1
"566",566,385,"jirachi",3,11,1,"steel",1
"567",567,385,"jirachi",3,11,2,"psychic",1
"568",568,386,"deoxys-normal",17,608,1,"psychic",1
"569",569,387,"turtwig",4,102,1,"grass",1
"570",570,388,"grotle",11,970,1,"grass",1
"571",571,389,"torterra",22,3100,1,"grass",1
"572",572,389,"torterra",22,3100,2,"ground",1
"573",573,390,"chimchar",5,62,1,"fire",1
"574",574,391,"monferno",9,220,1,"fire",1
"575",575,391,"monferno",9,220,2,"fighting",1
"576",576,392,"infernape",12,550,1,"fire",1
"577",577,392,"infernape",12,550,2,"fighting",1
"578",578,393,"piplup",4,52,1,"water",1
"579",579,394,"prinplup",8,230,1,"water",1
"580",580,395,"empoleon",17,845,1,"water",1
"581",581,395,"empoleon",17,845,2,"steel",1
"582",582,396,"starly",3,20,1,"normal",1
"583",583,396,"starly",3,20,2,"flying",1
"584",584,397,"staravia",6,155,1,"normal",1
"585",585,397,"staravia",6,155,2,"flying",1
"586",586,398,"staraptor",12,249,1,"normal",1
"587",587,398,"staraptor",12,249,2,"flying",1
"588",588,399,"bidoof",5,200,1,"normal",1
"589",589,400,"bibarel",10,315,1,"normal",1
"590",590,400,"bibarel",10,315,2,"water",1
"591",591,401,"kricketot",3,22,1,"bug",1
"592",592,402,"kricketune",10,255,1,"bug",1
"593",593,403,"shinx",5,95,1,"electric",1
"594",594,404,"luxio",9,305,1,"electric",1
"595",595,405,"luxray",14,420,1,"electric",1
"596",596,406,"budew",2,12,1,"grass",1
"597",597,406,"budew",2,12,2,"poison",1
"598",598,407,"roserade",9,145,1,"grass",1
"599",599,407,"roserade",9,145,2,"poison",1
"600",600,408,"cranidos",9,315,1,"rock",1
"601",601,409,"rampardos",16,1025,1,"rock",1
"602",602,410,"shieldon",5,570,1,"rock",1
"603",603,410,"shieldon",5,570,2,"steel",1
"604",604,411,"bastiodon",13,1495,1,"rock",1
"605",605,411,"bastiodon",13,1495,2,"steel",1
"606",606,412,"burmy",2,34,1,"bug",1
"607",607,413,"wormadam-plant",5,65,1,"bug",1
"608",608,413,"wormadam-plant",5,65,2,"grass",1
"609",609,414,"mothim",9,233,1,"bug",1
"610",610,414,"mothim",9,233,2,"flying",1
"611",611,415,"combee",3,55,1,"bug",1
"612",612,415,"combee",3,55,2,"flying",1
"613",613,416,"vespiquen",12,385,1,"bug",1
"614",614,416,"vespiquen",12,385,2,"flying",1
"615",615,417,"pachirisu",4,39,1,"electric",1
"616",616,418,"buizel",7,295,1,"water",1
"617",617,419,"floatzel",11,335,1,"water",1
"618",618,420,"cherubi",4,33,1,"grass",1
"619",619,421,"cherrim",5,93,1,"grass",1
"620",620,422,"shellos",3,63,1,"water",1
"621",621,423,"gastrodon",9,299,1,"water",1
"622",622,423,"gastrodon",9,299,2,"ground",1
"623",623,424,"ambipom",12,203,1,"normal",1
"624",624,425,"drifloon",4,12,1,"ghost",1
"625",625,425,"drifloon",4,12,2,"flying",1
"626",626,426,"drifblim",12,150,1,"ghost",1
"627",627,426,"drifblim",12,150,2,"flying",1
"628",628,427,"buneary",4,55,1,"normal",1
"629",629,428,"lopunny",12,333,1,"normal",1
"630",630,429,"mismagius",9,44,1,"ghost",1
"631",631,430,"honchkrow",9,273,1,"dark",1
"632",632,430,"honchkrow",9,273,2,"flying",1
"633",633,431,"glameow",5,39,1,"normal",1
"634",634,432,"purugly",10,438,1,"normal",1
"635",635,433,"chingling",2,6,1,"psychic",1
"636",636,434,"stunky",4,192,1,"poison",1
"637",637,434,"stunky",4,192,2,"dark",1
"638",638,435,"skuntank",10,380,1,"poison",1
"639",639,435,"skuntank",10,380,2,"dark",1
"640",640,436,"bronzor",5,605,1,"steel",1
"641",641,436,"bronzor",5,605,2,"psychic",1
"642",642,437,"bronzong",13,1870,1,"steel",1
"643",643,437,"bronzong",13,1870,2,"psychic",1
"644",644,438,"bonsly",5,150,1,"rock",1
"645",645,439,"mime-jr",6,130,1,"psychic",1
"646",646,439,"mime-jr",6,130,2,"fairy",1
"647",647,440,"happiny",6,244,1,"normal",1
"648",648,441,"chatot",5,19,1,"normal",1
"649",649,441,"chatot",5,19,2,"flying",1
"650",650,442,"spiritomb",10,1080,1,"ghost",1
"651",651,442,"spiritomb",10,1080,2,"dark",1
"652",652,443,"gible",7,205,1,"dragon",1
"653",653,443,"gible",7,205,2,"ground",1
"654",654,444,"gabite",14,560,1,"dragon",1
"655",655,444,"gabite",14,560,2,"ground",1
"656",656,445,"garchomp",19,950,1,"dragon",1
"657",657,445,"garchomp",19,950,2,"ground",1
"658",658,446,"munchlax",6,1050,1,"normal",1
"659",659,447,"riolu",7,202,1,"fighting",1
"660",660,448,"lucario",12,540,1,"fighting",1
"661",661,448,"lucario",12,540,2,"steel",1
"662",662,449,"hippopotas",8,495,1,"ground",1
"663",663,450,"hippowdon",20,3000,1,"ground",1
"664",664,451,"skorupi",8,120,1,"poison",1
"665",665,451,"skorupi",8,120,2,"bug",1
"666",666,452,"drapion",13,615,1,"poison",1
"667",667,452,"drapion",13,615,2,"dark",1
"668",668,453,"croagunk",7,230,1,"poison",1
"669",669,453,"croagunk",7,230,2,"fighting",1
"670",670,454,"toxicroak",13,444,1,"poison",1
"671",671,454,"toxicroak",13,444,2,"fighting",1
"672",672,455,"carnivine",14,270,1,"grass",1
"673",673,456,"finneon",4,70,1,"water",1
"674",674,457,"lumineon",12,240,1,"water",1
"675",675,458,"mantyke",10,650,1,"water",1
"676",676,458,"mantyke",10,650,2,"flying",1
"677",677,459,"snover",10,505,1,"grass",1
"678",678,459,"snover",10,505,2,"ice",1
"679",679,460,"abomasnow",22,1355,1,"grass",1
"680",680,460,"abomasnow",22,1355,2,"ice",1
"681",681,461,"weavile",11,340,1,"dark",1
"682",682,461,"weavile",11,340,2,"ice",1
"683",683,462,"magnezone",12,1800,1,"electric",1
"684",684,462,"magnezone",12,1800,2,"steel",1
"685",685,463,"lickilicky",17,1400,1,"normal",1
"686",686,464,"rhyperior",24,2828,1,"ground",1
"687",687,464,"rhyperior",24,2828,2,"rock",1
"688",688,465,"tangrowth",20,1286,1,"grass",1
"689",689,466,"electivire",18,1386,1,"electric",1
"690",690,467,"magmortar",16,680,1,"fire",1
"691",691,468,"togekiss",15,380,1,"fairy",1
"692",692,468,"togekiss",15,380,2,"flying",1
"693",693,469,"yanmega",19,515,1,"bug",1
"694",694,469,"yanmega",19,515,2,"flying",1
"695",695,470,"leafeon",10,255,1,"grass",1
"696",696,471,"glaceon",8,259,1,"ice",1
"697",697,472,"gliscor",20,425,1,"ground",1
"698",698,472,"gliscor",20,425,2,"flying",1
"699",699,473,"mamoswine",25,2910,1,"ice",1
"700",700,473,"mamoswine",25,2910,2,"ground",1
"701",701,474,"porygon-z",9,340,1,"normal",1
"702",702,475,"gallade",16,520,1,"psychic",1
"703",703,475,"gallade",16,520,2,"fighting",1
"704",704,476,"probopass",14,3400,1,"rock",1
"705",705,476,"probopass",14,3400,2,"steel",1
"706",706,477,"dusknoir",22,1066,1,"ghost",1
"707",707,478,"froslass",13,266,1,"ice",1
"708",708,478,"froslass",13,266,2,"ghost",1
"709",709,479,"rotom",3,3,1,"electric",1
"710",710,479,"rotom",3,3,2,"ghost",1
"711",711,480,"uxie",3,3,1,"psychic",1
"712",712,481,"mesprit",3,3,1,"psychic",1
"713",713,482,"azelf",3,3,1,"psychic",1
"714",714,483,"dialga",54,6830,1,"steel",1
"715",715,483,"dialga",54,6830,2,"dragon",1
"716",716,484,"palkia",42,3360,1,"water",1
"717",717,484,"palkia",42,3360,2,"dragon",1
"718",718,485,"heatran",17,4300,1,"fire",1
"719",719,485,"heatran",17,4300,2,"steel",1
"720",720,486,"regigigas",37,4200,1,"normal",1
"721",721,487,"giratina-altered",45,7500,1,"ghost",1
"722",722,487,"giratina-altered",45,7500,2,"dragon",1
"723",723,488,"cresselia",15,856,1,"psychic",1
"724",724,489,"phione",4,31,1,"water",1
"725",725,490,"manaphy",3,14,1,"water",1
"726",726,491,"darkrai",15,505,1,"dark",1
"727",727,492,"shaymin-land",2,21,1,"grass",1
"728",728,493,"arceus",32,3200,1,"normal",1
"729",729,494,"victini",4,40,1,"psychic",1
"730",730,494,"victini",4,40,2,"fire",1
"731",731,495,"snivy",6,81,1,"grass",1
"732",732,496,"servine",8,160,1,"grass",1
"733",733,497,"serperior",33,630,1,"grass",1
"734",734,498,"tepig",5,99,1,"fire",1
"735",735,499,"pignite",10,555,1,"fire",1
"736",736,499,"pignite",10,555,2,"fighting",1
"737",737,500,"emboar",16,1500,1,"fire",1
"738",738,500,"emboar",16,1500,2,"fighting",1
"739",739,501,"oshawott",5,59,1,"water",1
"740",740,502,"dewott",8,245,1,"water",1
"741",741,503,"samurott",15,946,1,"water",1
"742",742,504,"patrat",5,116,1,"normal",1
"743",743,505,"watchog",11,270,1,"normal",1
"744",744,506,"lillipup",4,41,1,"normal",1
"745",745,507,"herdier",9,147,1,"normal",1
"746",746,508,"stoutland",12,610,1,"normal",1
"747",747,509,"purrloin",4,101,1,"dark",1
"748",748,510,"liepard",11,375,1,"dark",1
"749",749,511,"pansage",6,105,1,"grass",1
"750",750,512,"simisage",11,305,1,"grass",1
"751",751,513,"pansear",6,110,1,"fire",1
"752",752,514,"simisear",10,280,1,"fire",1
"753",753,515,"panpour",6,135,1,"water",1
"754",754,516,"simipour",10,290,1,"water",1
"755",755,517,"munna",6,233,1,"psychic",1
"756",756,518,"musharna",11,605,1,"psychic",1
"757",757,519,"pidove",3,21,1,"normal",1
"758",758,519,"pidove",3,21,2,"flying",1
"759",759,520,"tranquill",6,150,1,"normal",1
"760",760,520,"tranquill",6,150,2,"flying",1
"761",761,521,"unfezant",12,290,1,"normal",1
"762",762,521,"unfezant",12,290,2,"flying",1
"763",763,522,"blitzle",8,298,1,"electric",1
"764",764,523,"zebstrika",16,795,1,"electric",1
"765",765,524,"roggenrola",4,180,1,"rock",1
"766",766,525,"boldore",9,1020,1,"rock",1
"767",767,526,"gigalith",17,2600,1,"rock",1
"768",768,527,"woobat",4,21,1,"psychic",1
"769",769,527,"woobat",4,21,2,"flying",1
"770",770,528,"swoobat",9,105,1,"psychic",1
"771",771,528,"swoobat",9,105,2,"flying",1
"772",772,529,"drilbur",3,85,1,"ground",1
"773",773,530,"excadrill",7,404,1,"ground",1
"774",774,530,"excadrill",7,404,2,"steel",1
"775",775,531,"audino",11,310,1,"normal",1
"776",776,532,"timburr",6,125,1,"fighting",1
"777",777,533,"gurdurr",12,400,1,"fighting",1
"778",778,534,"conkeldurr",14,870,1,"fighting",1
"779",779,535,"tympole",5,45,1,"water",1
"780",780,536,"palpitoad",8,170,1,"water",1
"781",781,536,"palpitoad",8,170,2,"ground",1
"782",782,537,"seismitoad",15,620,1,"water",1
"783",783,537,"seismitoad",15,620,2,"ground",1
"784",784,538,"throh",13,555,1,"fighting",1
"785",785,539,"sawk",14,510,1,"fighting",1
"786",786,540,"sewaddle",3,25,1,"bug",1
"787",787,540,"sewaddle",3,25,2,"grass",1
"788",788,541,"swadloon",5,73,1,"bug",1
"789",789,541,"swadloon",5,73,2,"grass",1
"790",790,542,"leavanny",12,205,1,"bug",1
"791",791,542,"leavanny",12,205,2,"grass",1
"792",792,543,"venipede",4,53,1,"bug",1
"793",793,543,"venipede",4,53,2,"poison",1
"794",794,544,"whirlipede",12,585,1,"bug",1
"795",795,544,"whirlipede",12,585,2,"poison",1
"796",796,545,"scolipede",25,2005,1,"bug",1
"797",797,545,"scolipede",25,2005,2,"poison",1
"798",798,546,"cottonee",3,6,1,"grass",1
"799",799,546,"cottonee",3,6,2,"fairy",1
"800",800,547,"whimsicott",7,66,1,"grass",1
"801",801,547,"whimsicott",7,66,2,"fairy",1
"802",802,548,"petilil",5,66,1,"grass",1
"803",803,549,"lilligant",11,163,1,"grass",1
"804",804,550,"basculin-red-striped",10,180,1,"water",1
"805",805,551,"sandile",7,152,1,"ground",1
"806",806,551,"sandile",7,152,2,"dark",1
"807",807,552,"krokorok",10,334,1,"ground",1
"808",808,552,"krokorok",10,334,2,"dark",1
"809",809,553,"krookodile",15,963,1,"ground",1
"810",810,553,"krookodile",15,963,2,"dark",1
"811",811,554,"darumaka",6,375,1,"fire",1
"812",812,555,"darmanitan-standard",13,929,1,"fire",1
"813",813,556,"maractus",10,280,1,"grass",1
"814",814,557,"dwebble",3,145,1,"bug",1
"815",815,557,"dwebble",3,145,2,"rock",1
"816",816,558,"crustle",14,2000,1,"bug",1
"817",817,558,"crustle",14,2000,2,"rock",1
"818",818,559,"scraggy",6,118,1,"dark",1
"819",819,559,"scraggy",6,118,2,"fighting",1
"820",820,560,"scrafty",11,300,1,"dark",1
"821",821,560,"scrafty",11,300,2,"fighting",1
"822",822,561,"sigilyph",14,140,1,"psychic",1
"823",823,561,"sigilyph",14,140,2,"flying",1
"824",824,562,"yamask",5,15,1,"ghost",1
"825",825,563,"cofagrigus",17,765,1,"ghost",1
"826",826,564,"tirtouga",7,165,1,"water",1
"827",827,564,"tirtouga",7,165,2,"rock",1
"828",828,565,"carracosta",12,810,1,"water",1
"829",829,565,"carracosta",12,810,2,"rock",1
"830",830,566,"archen",5,95,1,"rock",1
"831",831,566,"archen",5,95,2,"flying",1
"832",832,567,"archeops",14,320,1,"rock",1
"833",833,567,"archeops",14,320,2,"flying",1
"834",834,568,"trubbish",6,310,1,"poison",1
"835",835,569,"garbodor",19,1073,1,"poison",1
"836",836,570,"zorua",7,125,1,"dark",1
"837",837,571,"zoroark",16,811,1,"dark",1
"838",838,572,"minccino",4,58,1,"normal",1
"839",839,573,"cinccino",5,75,1,"normal",1
"840",840,574,"gothita",4,58,1,"psychic",1
"841",841,575,"gothorita",7,180,1,"psychic",1
"842",842,576,"gothitelle",15,440,1,"psychic",1
"843",843,577,"solosis",3,10,1,"psychic",1
"844",844,578,"duosion",6,80,1,"psychic",1
"845",845,579,"reuniclus",10,201,1,"psychic",1
"846",846,580,"ducklett",5,55,1,"water",1
"847",847,580,"ducklett",5,55,2,"flying",1
"848",848,581,"swanna",13,242,1,"water",1
"849",849,581,"swanna",13,242,2,"flying",1
"850",850,582,"vanillite",4,57,1,"ice",1
"851",851,583,"vanillish",11,410,1,"ice",1
"852",852,584,"vanilluxe",13,575,1,"ice",1
"853",853,585,"deerling",6,195,1,"normal",1
"854",854,585,"deerling",6,195,2,"grass",1
"855",855,586,"sawsbuck",19,925,1,"normal",1
"856",856,586,"sawsbuck",19,925,2,"grass",1
"857",857,587,"emolga",4,50,1,"electric",1
"858",858,587,"emolga",4,50,2,"flying",1
"859",859,588,"karrablast",5,59,1,"bug",1
"860",860,589,"escavalier",10,330,1,"bug",1
"861",861,589,"escavalier",10,330,2,"steel",1
"862",862,590,"foongus",2,10,1,"grass",1
"863",863,590,"foongus",2,10,2,"poison",1
"864",864,591,"amoonguss",6,105,1,"grass",1
"865",865,591,"amoonguss",6,105,2,"poison",1
"866",866,592,"frillish",12,330,1,"water",1
"867",867,592,"frillish",12,330,2,"ghost",1
"868",868,593,"jellicent",22,1350,1,"water",1
"869",869,593,"jellicent",22,1350,2,"ghost",1
"870",870,594,"alomomola",12,316,1,"water",1
"871",871,595,"joltik",1,6,1,"bug",1
"872",872,595,"joltik",1,6,2,"electric",1
"873",873,596,"galvantula",8,143,1,"bug",1
"874",874,596,"galvantula",8,143,2,"electric",1
"875",875,597,"ferroseed",6,188,1,"grass",1
"876",876,597,"ferroseed",6,188,2,"steel",1
"877",877,598,"ferrothorn",10,1100,1,"grass",1
"878",878,598,"ferrothorn",10,1100,2,"steel",1
"879",879,599,"klink",3,210,1,"steel",1
"880",880,600,"klang",6,510,1,"steel",1
"881",881,601,"klinklang",6,810,1,"steel",1
"882",882,602,"tynamo",2,3,1,"electric",1
"883",883,603,"eelektrik",12,220,1,"electric",1
"884",884,604,"eelektross",21,805,1,"electric",1
"885",885,605,"elgyem",5,90,1,"psychic",1
"886",886,606,"beheeyem",10,345,1,"psychic",1
"887",887,607,"litwick",3,31,1,"ghost",1
"888",888,607,"litwick",3,31,2,"fire",1
"889",889,608,"lampent",6,130,1,"ghost",1
"890",890,608,"lampent",6,130,2,"fire",1
"891",891,609,"chandelure",10,343,1,"ghost",1
"892",892,609,"chandelure",10,343,2,"fire",1
"893",893,610,"axew",6,180,1,"dragon",1
"894",894,611,"fraxure",10,360,1,"dragon",1
"895",895,612,"haxorus",18,1055,1,"dragon",1
"896",896,613,"cubchoo",5,85,1,"ice",1
"897",897,614,"beartic",26,2600,1,"ice",1
"898",898,615,"cryogonal",11,1480,1,"ice",1
"899",899,616,"shelmet",4,77,1,"bug",1
"900",900,617,"accelgor",8,253,1,"bug",1
"901",901,618,"stunfisk",7,110,1,"ground",1
"902",902,618,"stunfisk",7,110,2,"electric",1
"903",903,619,"mienfoo",9,200,1,"fighting",1
"904",904,620,"mienshao",14,355,1,"fighting",1
"905",905,621,"druddigon",16,1390,1,"dragon",1
"906",906,622,"golett",10,920,1,"ground",1
"907",907,622,"golett",10,920,2,"ghost",1
"908",908,623,"golurk",28,3300,1,"ground",1
"909",909,623,"golurk",28,3300,2,"ghost",1
"910",910,624,"pawniard",5,102,1,"dark",1
"911",911,624,"pawniard",5,102,2,"steel",1
"912",912,625,"bisharp",16,700,1,"dark",1
"913",913,625,"bisharp",16,700,2,"steel",1
"914",914,626,"bouffalant",16,946,1,"normal",1
"915",915,627,"rufflet",5,105,1,"normal",1
"916",916,627,"rufflet",5,105,2,"flying",1
"917",917,628,"braviary",15,410,1,"normal",1
"918",918,628,"braviary",15,410,2,"flying",1
"919",919,629,"vullaby",5,90,1,"dark",1
"920",920,629,"vullaby",5,90,2,"flying",1
"921",921,630,"mandibuzz",12,395,1,"dark",1
"922",922,630,"mandibuzz",12,395,2,"flying",1
"923",923,631,"heatmor",14,580,1,"fire",1
"924",924,632,"durant",3,330,1,"bug",1
"925",925,632,"durant",3,330,2,"steel",1
"926",926,633,"deino",8,173,1,"dark",1
"927",927,633,"deino",8,173,2,"dragon",1
"928",928,634,"zweilous",14,500,1,"dark",1
"929",929,634,"zweilous",14,500,2,"dragon",1
"930",930,635,"hydreigon",18,1600,1,"dark",1
"931",931,635,"hydreigon",18,1600,2,"dragon",1
"932",932,636,"larvesta",11,288,1,"bug",1
"933",933,636,"larvesta",11,288,2,"fire",1
"934",934,637,"volcarona",16,460,1,"bug",1
"935",935,637,"volcarona",16,460,2,"fire",1
"936",936,638,"cobalion",21,2500,1,"steel",1
"937",937,638,"cobalion",21,2500,2,"fighting",1
"938",938,639,"terrakion",19,2600,1,"rock",1
"939",939,639,"terrakion",19,2600,2,"fighting",1
"940",940,640,"virizion",20,2000,1,"grass",1
"941",941,640,"virizion",20,2000,2,"fighting",1
"942",942,641,"tornadus-incarnate",15,630,1,"flying",1
"943",943,642,"thundurus-incarnate",15,610,1,"electric",1
"944",944,642,"thundurus-incarnate",15,610,2,"flying",1
"945",945,643,"reshiram",32,3300,1,"dragon",1
"946",946,643,"reshiram",32,3300,2,"fire",1
"947",947,644,"zekrom",29,3450,1,"dragon",1
"948",948,644,"zekrom",29,3450,2,"electric",1
"949",949,645,"landorus-incarnate",15,680,1,"ground",1
"950",950,645,"landorus-incarnate",15,680,2,"flying",1
"951",951,646,"kyurem",30,3250,1,"dragon",1
"952",952,646,"kyurem",30,3250,2,"ice",1
"953",953,647,"keldeo-ordinary",14,485,1,"water",1
"954",954,647,"keldeo-ordinary",14,485,2,"fighting",1
"955",955,648,"meloetta-aria",6,65,1,"normal",1
"956",956,648,"meloetta-aria",6,65,2,"psychic",1
"957",957,649,"genesect",15,825,1,"bug",1
"958",958,649,"genesect",15,825,2,"steel",1
"959",959,650,"chespin",4,90,1,"grass",1
"960",960,651,"quilladin",7,290,1,"grass",1
"961",961,652,"chesnaught",16,900,1,"grass",1
"962",962,652,"chesnaught",16,900,2,"fighting",1
"963",963,653,"fennekin",4,94,1,"fire",1
"964",964,654,"braixen",10,145,1,"fire",1
"965",965,655,"delphox",15,390,1,"fire",1
"966",966,655,"delphox",15,390,2,"psychic",1
"967",967,656,"froakie",3,70,1,"water",1
"968",968,657,"frogadier",6,109,1,"water",1
"969",969,658,"greninja",15,400,1,"water",1
"970",970,658,"greninja",15,400,2,"dark",1
"971",971,659,"bunnelby",4,50,1,"normal",1
"972",972,660,"diggersby",10,424,1,"normal",1
"973",973,660,"diggersby",10,424,2,"ground",1
"974",974,661,"fletchling",3,17,1,"normal",1
"975",975,661,"fletchling",3,17,2,"flying",1
"976",976,662,"fletchinder",7,160,1,"fire",1
"977",977,662,"fletchinder",7,160,2,"flying",1
"978",978,663,"talonflame",12,245,1,"fire",1
"979",979,663,"talonflame",12,245,2,"flying",1
"980",980,664,"scatterbug",3,25,1,"bug",1
"981",981,665,"spewpa",3,84,1,"bug",1
"982",982,666,"vivillon",12,170,1,"bug",1
"983",983,666,"vivillon",12,170,2,"flying",1
"984",984,667,"litleo",6,135,1,"fire",1
"985",985,667,"litleo",6,135,2,"normal",1
"986",986,668,"pyroar",15,815,1,"fire",1
"987",987,668,"pyroar",15,815,2,"normal",1
"988",988,669,"flabebe",1,1,1,"fairy",1
"989",989,670,"floette",2,9,1,"fairy",1
"990",990,671,"florges",11,100,1,"fairy",1
"991",991,672,"skiddo",9,310,1,"grass",1
"992",992,673,"gogoat",17,910,1,"grass",1
"993",993,674,"pancham",6,80,1,"fighting",1
"994",994,675,"pangoro",21,1360,1,"fighting",1
"995",995,675,"pangoro",21,1360,2,"dark",1
"996",996,676,"furfrou",12,280,1,"normal",1
"997",997,677,"espurr",3,35,1,"psychic",1
"998",998,678,"meowstic-male",6,85,1,"psychic",1
"999",999,679,"honedge",8,20,1,"steel",1
"1000",1000,679,"honedge",8,20,2,"ghost",1
"1001",1001,680,"doublade",8,45,1,"steel",1
"1002",1002,680,"doublade",8,45,2,"ghost",1
"1003",1003,681,"aegislash-shield",17,530,1,"steel",1
"1004",1004,681,"aegislash-shield",17,530,2,"ghost",1
"1005",1005,682,"spritzee",2,5,1,"fairy",1
"1006",1006,683,"aromatisse",8,155,1,"fairy",1
"1007",1007,684,"swirlix",4,35,1,"fairy",1
"1008",1008,685,"slurpuff",8,50,1,"fairy",1
"1009",1009,686,"inkay",4,35,1,"dark",1
"1010",1010,686,"inkay",4,35,2,"psychic",1
"1011",1011,687,"malamar",15,470,1,"dark",1
"1012",1012,687,"malamar",15,470,2,"psychic",1
"1013",1013,688,"binacle",5,310,1,"rock",1
"1014",1014,688,"binacle",5,310,2,"water",1
"1015",1015,689,"barbaracle",13,960,1,"rock",1
"1016",1016,689,"barbaracle",13,960,2,"water",1
"1017",1017,690,"skrelp",5,73,1,"poison",1
"1018",1018,690,"skrelp",5,73,2,"water",1
"1019",1019,691,"dragalge",18,815,1,"poison",1
"1020",1020,691,"dragalge",18,815,2,"dragon",1
"1021",1021,692,"clauncher",5,83,1,"water",1
"1022",1022,693,"clawitzer",13,353,1,"water",1
"1023",1023,694,"helioptile",5,60,1,"electric",1
"1024",1024,694,"helioptile",5,60,2,"normal",1
"1025",1025,695,"heliolisk",10,210,1,"electric",1
"1026",1026,695,"heliolisk",10,210,2,"normal",1
"1027",1027,696,"tyrunt",8,260,1,"rock",1
"1028",1028,696,"tyrunt",8,260,2,"dragon",1
"1029",1029,697,"tyrantrum",25,2700,1,"rock",1
"1030",1030,697,"tyrantrum",25,2700,2,"dragon",1
"1031",1031,698,"amaura",13,252,1,"rock",1
"1032",1032,698,"amaura",13,252,2,"ice",1
"1033",1033,699,"aurorus",27,2250,1,"rock",1
"1034",1034,699,"aurorus",27,2250,2,"ice",1
"1035",1035,700,"sylveon",10,235,1,"fairy",1
"1036",1036,701,"hawlucha",8,215,1,"fighting",1
"1037",1037,701,"hawlucha",8,215,2,"flying",1
"1038",1038,702,"dedenne",2,22,1,"electric",1
"1039",1039,702,"dedenne",2,22,2,"fairy",1
"1040",1040,703,"carbink",3,57,1,"rock",1
"1041",1041,703,"carbink",3,57,2,"fairy",1
"1042",1042,704,"goomy",3,28,1,"dragon",1
"1043",1043,705,"sliggoo",8,175,1,"dragon",1
"1044",1044,706,"goodra",20,1505,1,"dragon",1
"1045",1045,707,"klefki",2,30,1,"steel",1
"1046",1046,707,"klefki",2,30,2,"fairy",1
"1047",1047,708,"phantump",4,70,1,"ghost",1
"1048",1048,708,"phantump",4,70,2,"grass",1
"1049",1049,709,"trevenant",15,710,1,"ghost",1
"1050",1050,709,"trevenant",15,710,2,"grass",1
"1051",1051,710,"pumpkaboo-average",4,50,1,"ghost",1
"1052",1052,710,"pumpkaboo-average",4,50,2,"grass",1
"1053",1053,711,"gourgeist-average",9,125,1,"ghost",1
"1054",1054,711,"gourgeist-average",9,125,2,"grass",1
"1055",1055,712,"bergmite",10,995,1,"ice",1
"1056",1056,713,"avalugg",20,5050,1,"ice",1
"1057",1057,714,"noibat",5,80,1,"flying",1
"1058",1058,714,"noibat",5,80,2,"dragon",1
"1059",1059,715,"noivern",15,850,1,"flying",1
"1060",1060,715,"noivern",15,850,2,"dragon",1
"1061",1061,716,"xerneas",30,2150,1,"fairy",1
"1062",1062,717,"yveltal",58,2030,1,"dark",1
"1063",1063,717,"yveltal",58,2030,2,"flying",1
"1064",1064,718,"zygarde",50,3050,1,"dragon",1
"1065",1065,718,"zygarde",50,3050,2,"ground",1
"1066",1066,719,"diancie",7,88,1,"rock",1
"1067",1067,719,"diancie",7,88,2,"fairy",1
"1068",1068,720,"hoopa",5,90,1,"psychic",1
"1069",1069,720,"hoopa",5,90,2,"ghost",1
"1070",1070,721,"volcanion",17,1950,1,"fire",1
"1071",1071,721,"volcanion",17,1950,2,"water",1
"1072",1072,10001,"deoxys-attack",17,608,1,"psychic",1
"1073",1073,10002,"deoxys-defense",17,608,1,"psychic",1
"1074",1074,10003,"deoxys-speed",17,608,1,"psychic",1
"1075",1075,10004,"wormadam-sandy",5,65,1,"bug",1
"1076",1076,10004,"wormadam-sandy",5,65,2,"ground",1
"1077",1077,10005,"wormadam-trash",5,65,1,"bug",1
"1078",1078,10005,"wormadam-trash",5,65,2,"steel",1
"1079",1079,10006,"shaymin-sky",4,52,1,"grass",1
"1080",1080,10006,"shaymin-sky",4,52,2,"flying",1
"1081",1081,10007,"giratina-origin",69,6500,1,"ghost",1
"1082",1082,10007,"giratina-origin",69,6500,2,"dragon",1
"1083",1083,10008,"rotom-heat",3,3,1,"electric",1
"1084",1084,10008,"rotom-heat",3,3,2,"fire",1
"1085",1085,10009,"rotom-wash",3,3,1,"electric",1
"1086",1086,10009,"rotom-wash",3,3,2,"water",1
"1087",1087,10010,"rotom-frost",3,3,1,"electric",1
"1088",1088,10010,"rotom-frost",3,3,2,"ice",1
"1089",1089,10011,"rotom-fan",3,3,1,"electric",1
"1090",1090,10011,"rotom-fan",3,3,2,"flying",1
"1091",1091,10012,"rotom-mow",3,3,1,"electric",1
"1092",1092,10012,"rotom-mow",3,3,2,"grass",1
"1093",1093,10013,"castform-sunny",3,8,1,"fire",1
"1094",1094,10014,"castform-rainy",3,8,1,"water",1
"1095",1095,10015,"castform-snowy",3,8,1,"ice",1
"1096",1096,10016,"basculin-blue-striped",10,180,1,"water",1
"1097",1097,10017,"darmanitan-zen",13,929,1,"fire",1
"1098",1098,10017,"darmanitan-zen",13,929,2,"psychic",1
"1099",1099,10018,"meloetta-pirouette",6,65,1,"normal",1
"1100",1100,10018,"meloetta-pirouette",6,65,2,"fighting",1
"1101",1101,10019,"tornadus-therian",14,630,1,"flying",1
"1102",1102,10020,"thundurus-therian",30,610,1,"electric",1
"1103",1103,10020,"thundurus-therian",30,610,2,"flying",1
"1104",1104,10021,"landorus-therian",13,680,1,"ground",1
"1105",1105,10021,"landorus-therian",13,680,2,"flying",1
"1106",1106,10022,"kyurem-black",33,3250,1,"dragon",1
"1107",1107,10022,"kyurem-black",33,3250,2,"ice",1
"1108",1108,10023,"kyurem-white",36,3250,1,"dragon",1
"1109",1109,10023,"kyurem-white",36,3250,2,"ice",1
"1110",1110,10024,"keldeo-resolute",14,485,1,"water",1
"1111",1111,10024,"keldeo-resolute",14,485,2,"fighting",1
"1112",1112,10025,"meowstic-female",6,85,1,"psychic",1
"1113",1113,10026,"aegislash-blade",17,530,1,"steel",1
"1114",1114,10026,"aegislash-blade",17,530,2,"ghost",1
"1115",1115,10027,"pumpkaboo-small",3,35,1,"ghost",1
"1116",1116,10027,"pumpkaboo-small",3,35,2,"grass",1
"1117",1117,10028,"pumpkaboo-large",5,75,1,"ghost",1
"1118",1118,10028,"pumpkaboo-large",5,75,2,"grass",1
"1119",1119,10029,"pumpkaboo-super",8,150,1,"ghost",1
"1120",1120,10029,"pumpkaboo-super",8,150,2,"grass",1
"1121",1121,10030,"gourgeist-small",7,95,1,"ghost",1
"1122",1122,10030,"gourgeist-small",7,95,2,"grass",1
"1123",1123,10031,"gourgeist-large",11,140,1,"ghost",1
"1124",1124,10031,"gourgeist-large",11,140,2,"grass",1
"1125",1125,10032,"gourgeist-super",17,390,1,"ghost",1
"1126",1126,10032,"gourgeist-super",17,390,2,"grass",1
"1127",1127,10033,"venusaur-mega",24,1555,1,"grass",1
"1128",1128,10033,"venusaur-mega",24,1555,2,"poison",1
"1129",1129,10034,"charizard-mega-x",17,1105,1,"fire",1
"1130",1130,10034,"charizard-mega-x",17,1105,2,"dragon",1
"1131",1131,10035,"charizard-mega-y",17,1005,1,"fire",1
"1132",1132,10035,"charizard-mega-y",17,1005,2,"flying",1
"1133",1133,10036,"blastoise-mega",16,1011,1,"water",1
"1134",1134,10037,"alakazam-mega",12,480,1,"psychic",1
"1135",1135,10038,"gengar-mega",14,405,1,"ghost",1
"1136",1136,10038,"gengar-mega",14,405,2,"poison",1
"1137",1137,10039,"kangaskhan-mega",22,1000,1,"normal",1
"1138",1138,10040,"pinsir-mega",17,590,1,"bug",1
"1139",1139,10040,"pinsir-mega",17,590,2,"flying",1
"1140",1140,10041,"gyarados-mega",65,3050,1,"water",1
"1141",1141,10041,"gyarados-mega",65,3050,2,"dark",1
"1142",1142,10042,"aerodactyl-mega",21,790,1,"rock",1
"1143",1143,10042,"aerodactyl-mega",21,790,2,"flying",1
"1144",1144,10043,"mewtwo-mega-x",23,1270,1,"psychic",1
"1145",1145,10043,"mewtwo-mega-x",23,1270,2,"fighting",1
"1146",1146,10044,"mewtwo-mega-y",15,330,1,"psychic",1
"1147",1147,10045,"ampharos-mega",14,615,1,"electric",1
"1148",1148,10045,"ampharos-mega",14,615,2,"dragon",1
"1149",1149,10046,"scizor-mega",20,1250,1,"bug",1
"1150",1150,10046,"scizor-mega",20,1250,2,"steel",1
"1151",1151,10047,"heracross-mega",17,625,1,"bug",1
"1152",1152,10047,"heracross-mega",17,625,2,"fighting",1
"1153",1153,10048,"houndoom-mega",19,495,1,"dark",1
"1154",1154,10048,"houndoom-mega",19,495,2,"fire",1
"1155",1155,10049,"tyranitar-mega",25,2550,1,"rock",1
"1156",1156,10049,"tyranitar-mega",25,2550,2,"dark",1
"1157",1157,10050,"blaziken-mega",19,520,1,"fire",1
"1158",1158,10050,"blaziken-mega",19,520,2,"fighting",1
"1159",1159,10051,"gardevoir-mega",16,484,1,"psychic",1
"1160",1160,10051,"gardevoir-mega",16,484,2,"fairy",1
"1161",1161,10052,"mawile-mega",10,235,1,"steel",1
"1162",1162,10052,"mawile-mega",10,235,2,"fairy",1
"1163",1163,10053,"aggron-mega",22,3950,1,"steel",1
"1164",1164,10054,"medicham-mega",13,315,1,"fighting",1
"1165",1165,10054,"medicham-mega",13,315,2,"psychic",1
"1166",1166,10055,"manectric-mega",18,440,1,"electric",1
"1167",1167,10056,"banette-mega",12,130,1,"ghost",1
"1168",1168,10057,"absol-mega",12,490,1,"dark",1
"1169",1169,10058,"garchomp-mega",19,950,1,"dragon",1
"1170",1170,10058,"garchomp-mega",19,950,2,"ground",1
"1171",1171,10059,"lucario-mega",13,575,1,"fighting",1
"1172",1172,10059,"lucario-mega",13,575,2,"steel",1
"1173",1173,10060,"abomasnow-mega",27,1850,1,"grass",1
"1174",1174,10060,"abomasnow-mega",27,1850,2,"ice",1
"1175",1175,10061,"floette-eternal",2,9,1,"fairy",1
"1176",1176,10062,"latias-mega",18,520,1,"dragon",1
"1177",1177,10062,"latias-mega",18,520,2,"psychic",1
"1178",1178,10063,"latios-mega",23,700,1,"dragon",1
"1179",1179,10063,"latios-mega",23,700,2,"psychic",1
"1180",1180,10064,"swampert-mega",19,1020,1,"water",1
"1181",1181,10064,"swampert-mega",19,1020,2,"ground",1
"1182",1182,10065,"sceptile-mega",19,552,1,"grass",1
"1183",1183,10065,"sceptile-mega",19,552,2,"dragon",1
"1184",1184,10066,"sableye-mega",5,1610,1,"dark",1
"1185",1185,10066,"sableye-mega",5,1610,2,"ghost",1
"1186",1186,10067,"altaria-mega",15,206,1,"dragon",1
"1187",1187,10067,"altaria-mega",15,206,2,"fairy",1
"1188",1188,10068,"gallade-mega",16,564,1,"psychic",1
"1189",1189,10068,"gallade-mega",16,564,2,"fighting",1
"1190",1190,10069,"audino-mega",15,320,1,"normal",1
"1191",1191,10069,"audino-mega",15,320,2,"fairy",1
"1192",1192,10070,"sharpedo-mega",25,1303,1,"water",1
"1193",1193,10070,"sharpedo-mega",25,1303,2,"dark",1
"1194",1194,10071,"slowbro-mega",20,1200,1,"water",1
"1195",1195,10071,"slowbro-mega",20,1200,2,"psychic",1
"1196",1196,10072,"steelix-mega",105,7400,1,"steel",1
"1197",1197,10072,"steelix-mega",105,7400,2,"ground",1
"1198",1198,10073,"pidgeot-mega",22,505,1,"normal",1
"1199",1199,10073,"pidgeot-mega",22,505,2,"flying",1
"1200",1200,10074,"glalie-mega",21,3502,1,"ice",1
"1201",1201,10075,"diancie-mega",11,278,1,"rock",1
"1202",1202,10075,"diancie-mega",11,278,2,"fairy",1
"1203",1203,10076,"metagross-mega",25,9429,1,"steel",1
"1204",1204,10076,"metagross-mega",25,9429,2,"psychic",1
"1205",1205,10077,"kyogre-primal",98,4300,1,"water",1
"1206",1206,10078,"groudon-primal",50,9997,1,"ground",1
"1207",1207,10078,"groudon-primal",50,9997,2,"fire",1
"1208",1208,10079,"rayquaza-mega",108,3920,1,"dragon",1
"1209",1209,10079,"rayquaza-mega",108,3920,2,"flying",1
"1210",1210,10080,"pikachu-rock-star",4,60,1,"electric",1
"1211",1211,10081,"pikachu-belle",4,60,1,"electric",1
"1212",1212,10082,"pikachu-pop-star",4,60,1,"electric",1
"1213",1213,10083,"pikachu-phd",4,60,1,"electric",1
"1214",1214,10084,"pikachu-libre",4,60,1,"electric",1
"1215",1215,10085,"pikachu-cosplay",4,60,1,"electric",1
"1216",1216,10086,"hoopa-unbound",65,4900,1,"psychic",1
"1217",1217,10086,"hoopa-unbound",65,4900,2,"dark",1
"1218",1218,10087,"camerupt-mega",25,3205,1,"fire",1
"1219",1219,10087,"camerupt-mega",25,3205,2,"ground",1
"1220",1220,10088,"lopunny-mega",13,283,1,"normal",1
"1221",1221,10088,"lopunny-mega",13,283,2,"fighting",1
"1222",1222,10089,"salamence-mega",18,1126,1,"dragon",1
"1223",1223,10089,"salamence-mega",18,1126,2,"flying",1
"1224",1224,10090,"beedrill-mega",14,405,1,"bug",1
"1225",1225,10090,"beedrill-mega",14,405,2,"poison",1
